Data;Godzina;CEPS_EXP;CEPS_IMP;CZ;SEPS_EXP;SEPS_IMP;SE;50HzT_EXP;50HzT_IMP;DE;SVK_EXP;SVK_IMP;SE;UA_IMP;UA;LIT_EXP;LIT_IMP;LIT;;;Wymiana Miêdzysystemowa równoleg³a
20180101;1;-616,4;4;-612,4;-348,8;0;-348,8;0;1117,8;1117,8;0;0;0;0;0;0;0;0;;;CEPS - przekrój handlowy polsko-czeski
20180101;2;-719,7;0;-719,7;-431,6;0;-431,6;0;1130,55;1130,55;-3,74;0;-3,74;0;0;-2,35;0;-2,35;;;SEPS - przekrój handlowy polsko-s³owacki
20180101;3;-735,3;0;-735,3;-431,7;0;-431,7;0;1203,9;1203,9;-173,49;0;-173,49;0;0;-232,46;0;-232,46;;;50Hertz - przekrój handlowy polsko-niemiecki
20180101;4;-819,8;0,4;-819,4;-424,2;0;-424,2;0;1240,05;1240,05;-249,4;0;-249,4;0;0;-377,81;0;-377,81;;;Wymiana Miêdzysystemowa nierównoleg³a
20180101;5;-834;1,6;-832,4;-435,4;0;-435,4;0;1259,85;1259,85;-371,58;0;-371,58;0;0;-466,6;0;-466,6;;;SvK - przekrój handlowy polsko-szwedzki (po³¹czenie pr¹du sta³ego Polska-Szwecja)
20180101;6;-820;14;-806;-439,2;0;-439,2;0;1238,1;1238,1;-358,27;0;-358,27;0;0;-427,99;0;-427,99;;;NEK Ukrenergo - przekrój handlowy polsko-ukraiñski
20180101;7;-803,7;36,2;-767,5;-443,8;0;-443,8;0;1287,15;1287,15;-199,24;0;-199,24;0;0;-232,84;0;-232,84;;;Litgrid - przekrój handlowy polsko-litewski
20180101;8;-715;44,8;-670,2;-461,7;0;-461,7;0;1147,95;1147,95;-241,36;0;-241,36;0;0;-89,9;0;-89,9;;;"Eksport - oznacza eksport energii z Polski (znak ""-"")"
20180101;9;-664,7;54,2;-610,5;-479;0;-479;0;1095,45;1095,45;-191,95;0;-191,95;0;0;-141,2;0;-141,2;;;"Import - oznacza import energii do Polski (znak ""+"")"
20180101;10;-694,4;68,4;-626;-463,5;0;-463,5;0;1129,95;1129,95;-185,41;0;-185,41;0;0;-272,93;0;-272,93;;;
20180101;11;-708,6;43,2;-665,4;-465,8;0;-465,8;0;1114,8;1114,8;-0,21;0;-0,21;0;0;-2,41;0;-2,41;;;
20180101;12;-664,8;11,2;-653,6;-486,6;0;-486,6;0;1122,15;1122,15;0;0;0;0;0;0;0;0;;;
20180101;13;-599,8;2,8;-597;-440,7;0;-440,7;0;1070,55;1070,55;0;0;0;0;0;0;0,04;0,04;;;
20180101;14;-543,8;11,8;-532;-336;0;-336;0;884,85;884,85;0;0;0;0;0;0;0,11;0,11;;;
20180101;15;-616,9;3,8;-613,1;-290,1;0;-290,1;0;977,1;977,1;0;1,1;1,1;0;0;0;0;0;;;
20180101;16;-722,5;0;-722,5;-284,5;0;-284,5;0;1058,1;1058,1;0;182,4;182,4;0;0;0;0;0;;;
20180101;17;-642,4;0;-642,4;-269,2;0;-269,2;0;1116,6;1116,6;0;499,1;499,1;0;0;0;12,48;12,48;;;
20180101;18;-376;26,6;-349,4;-217,8;0;-217,8;0;949,2;949,2;0;597,4;597,4;0;0;0;481,07;481,07;;;
20180101;19;-365;27,2;-337,8;-215,1;0;-215,1;0;1065;1065;0;597,4;597,4;0;0;0;486,48;486,48;;;
20180101;20;-328,6;32,8;-295,8;-185,4;0;-185,4;0;997,35;997,35;0;597,4;597,4;0;0;0;486,53;486,53;;;
20180101;21;-445;14,4;-430,6;-262,2;0;-262,2;0;887,1;887,1;0;597,5;597,5;0;0;0;486,81;486,81;;;
20180101;22;-387;16,6;-370,4;-206;0;-206;0;920,25;920,25;0;597,5;597,5;0;0;0;486,7;486,7;;;
20180101;23;-416,7;11,8;-404,9;-151,6;0;-151,6;0;881,4;881,4;0;597,5;597,5;0;0;0;478,28;478,28;;;
20180101;24;-401,3;7,2;-394,1;-140,4;0;-140,4;0;742,05;742,05;0;483,7;483,7;0;0;0;62;62;;;
20180102;1;-626,4;0;-626,4;-181,3;0;-181,3;0;823,05;823,05;0;26,7;26,7;81,577;81,577;0;0,38;0,38;;;
20180102;2;-569,7;4,2;-565,5;-136,2;0;-136,2;0;738;738;0;0;0;106,299;106,299;0;0,11;0,11;;;
20180102;3;-541,7;24;-517,7;-128,8;0;-128,8;0;634,2;634,2;0;0;0;145,425;145,425;0;0;0;;;
20180102;4;-483,4;26,2;-457,2;-109,5;0;-109,5;0;565,95;565,95;0;0;0;152,446;152,446;0;0;0;;;
20180102;5;-576,6;13,6;-563;-199,4;0;-199,4;0;715,5;715,5;0;0;0;178,502;178,502;0;0;0;;;
20180102;6;-722;2,4;-719,6;-273,3;0;-273,3;0;977,85;977,85;0;0,4;0,4;199,604;199,604;0;0;0;;;
20180102;7;-708,4;0;-708,4;-320,3;0;-320,3;0;1131,6;1131,6;0;173,2;173,2;214,545;214,545;0;0;0;;;
20180102;8;-715,2;0;-715,2;-321,5;0;-321,5;0;1151,55;1151,55;0;529,8;529,8;211,114;211,114;-0,12;1,12;1;;;
20180102;9;-516,8;18,4;-498,4;-190,5;0;-190,5;0;1146,45;1146,45;0;597,4;597,4;210,156;210,156;0;296,12;296,12;;;
20180102;10;-375,5;28,6;-346,9;-169,2;0;-169,2;0;991,05;991,05;0;597,4;597,4;210,422;210,422;0;487,31;487,31;;;
20180102;11;-314,9;46,8;-268,1;-164,8;0;-164,8;0;819,45;819,45;0;597,4;597,4;209,136;209,136;0;486,77;486,77;;;
20180102;12;-368,8;50,6;-318,2;-189,7;0;-189,7;0;906,6;906,6;0;597,4;597,4;213,317;213,317;0;486,94;486,94;;;
20180102;13;-459,7;22;-437,7;-177,3;0;-177,3;0;1011,6;1011,6;0;597,5;597,5;213,99;213,99;0;487,33;487,33;;;
20180102;14;-494,9;14,2;-480,7;-142,6;0;-142,6;0;1111,65;1111,65;0;597,6;597,6;210,134;210,134;0;487,46;487,46;;;
20180102;15;-463,9;38,4;-425,5;-175,2;0;-175,2;0;1065,75;1065,75;0;597,6;597,6;208,869;208,869;0;487,49;487,49;;;
20180102;16;-498,5;21,4;-477,1;-181,1;0;-181,1;0;1045,8;1045,8;0;597,6;597,6;212,304;212,304;0;486,65;486,65;;;
20180102;17;-493,4;25,6;-467,8;-251,8;0;-251,8;0;1104;1104;0;597,6;597,6;209,106;209,106;0;486,69;486,69;;;
20180102;18;-437,9;30,2;-407,7;-221,4;0;-221,4;0;1008;1008;0;597,7;597,7;208,866;208,866;0;486,5;486,5;;;
20180102;19;-441,8;36,8;-405;-219,9;0;-219,9;0;1026,3;1026,3;0;597,6;597,6;210,204;210,204;0;486,57;486,57;;;
20180102;20;-544;32,6;-511,4;-220,9;0;-220,9;0;1131,75;1131,75;0;597,6;597,6;209,868;209,868;0;486,56;486,56;;;
20180102;21;-516;34,6;-481,4;-230,2;0;-230,2;0;1232,25;1232,25;0;597,7;597,7;210,652;210,652;0;487,47;487,47;;;
20180102;22;-420,7;39;-381,7;-237,4;0;-237,4;0;1152,45;1152,45;0;597,6;597,6;211,258;211,258;0;486,68;486,68;;;
20180102;23;-407,3;21,6;-385,7;-274,7;0;-274,7;0;1173,45;1173,45;0;597,5;597,5;211,731;211,731;0;487,03;487,03;;;
20180102;24;-465,9;20,2;-445,7;-316;0;-316;0;1238,85;1238,85;0;597,6;597,6;207,827;207,827;0;486,21;486,21;;;
20180103;1;-614;8;-606;-388,5;0;-388,5;0;1397,55;1397,55;0;595,1;595,1;211,964;211,964;0;372,4;372,4;;;
20180103;2;-676,3;0,8;-675,5;-391,5;0;-391,5;0;1364,7;1364,7;0;461,7;461,7;210,212;210,212;0;154,85;154,85;;;
20180103;3;-654,7;2;-652,7;-424,3;0;-424,3;0;1270,35;1270,35;0;369,2;369,2;207,845;207,845;0;46,54;46,54;;;
20180103;4;-644,3;16,6;-627,7;-445,8;0;-445,8;0;1238,25;1238,25;0;354,3;354,3;211,753;211,753;0;0;0;;;
20180103;5;-599,1;30,8;-568,3;-400,5;0;-400,5;0;1138,65;1138,65;0;348,4;348,4;214,552;214,552;0;1,83;1,83;;;
20180103;6;-516,8;16,6;-500,2;-367,3;0;-367,3;0;1127,4;1127,4;0;470,1;470,1;211,761;211,761;0;125,91;125,91;;;
20180103;7;-315,8;42,4;-273,4;-327,7;0;-327,7;0;1042,2;1042,2;0;597,7;597,7;214,36;214,36;0;485,07;485,07;;;
20180103;8;-301,4;50;-251,4;-355,3;0;-355,3;0;1044,3;1044,3;0;597,7;597,7;211,705;211,705;0;486,56;486,56;;;
20180103;9;-306,8;71;-235,8;-317,9;0;-317,9;0;943,5;943,5;0;597,6;597,6;214,334;214,334;0;486,51;486,51;;;
20180103;10;-345,4;66,8;-278,6;-318;0;-318;0;946,65;946,65;0;597,6;597,6;213,621;213,621;0;486,68;486,68;;;
20180103;11;-358,1;62,2;-295,9;-296,9;0;-296,9;0;1033,05;1033,05;0;597,5;597,5;212,186;212,186;0;486,97;486,97;;;
20180103;12;-355,4;52,4;-303;-307,3;0;-307,3;0;1065,15;1065,15;0;597,4;597,4;211,251;211,251;0;486,94;486,94;;;
20180103;13;-412,4;41,6;-370,8;-331,1;0;-331,1;0;1077;1077;0;597,5;597,5;212,785;212,785;0;486,96;486,96;;;
20180103;14;-433,9;45,8;-388,1;-339,6;0;-339,6;0;1104,3;1104,3;0;597,4;597,4;210,896;210,896;0;486,96;486,96;;;
20180103;15;-437,3;40;-397,3;-373,9;0;-373,9;0;1161,9;1161,9;0;597,4;597,4;210,899;210,899;0;486,16;486,16;;;
20180103;16;-477,7;41,8;-435,9;-375,7;0;-375,7;0;1119,6;1119,6;0;597,5;597,5;211,317;211,317;0;486,84;486,84;;;
20180103;17;-563,3;48,6;-514,7;-387;0;-387;0;1072,65;1072,65;0;597,5;597,5;210,977;210,977;0;487,14;487,14;;;
20180103;18;-558,5;45,4;-513,1;-374,5;0;-374,5;0;1211,1;1211,1;0;597,4;597,4;210,223;210,223;0;487,13;487,13;;;
20180103;19;-478,6;42,8;-435,8;-422,6;0;-422,6;0;1274,7;1274,7;0;597,4;597,4;209,908;209,908;0;487,2;487,2;;;
20180103;20;-417,9;35,4;-382,5;-404,6;0;-404,6;0;1188,9;1188,9;0;597,5;597,5;210,907;210,907;0;487,71;487,71;;;
20180103;21;-401,7;38,2;-363,5;-391,6;0;-391,6;0;1145,1;1145,1;0;597,5;597,5;209,949;209,949;0;485,91;485,91;;;
20180103;22;-322;68;-254;-396,7;0;-396,7;0;1084,05;1084,05;0;597,5;597,5;207,35;207,35;0;483,24;483,24;;;
20180103;23;-426,1;66,4;-359,7;-418,4;0;-418,4;0;1117,5;1117,5;0;575,5;575,5;207,886;207,886;0;190,66;190,66;;;
20180103;24;-632,2;25,2;-607;-396;0;-396;0;1011,15;1011,15;0;27;27;211,546;211,546;0;0,37;0,37;;;
20180104;1;-686,1;27;-659,1;-370,8;0;-370,8;0;988,05;988,05;-1,51;0;-1,51;209,964;209,964;0;0;0;;;
20180104;2;-712,5;62;-650,5;-391,6;0;-391,6;0;1025,7;1025,7;-120,1;0;-120,1;208,703;208,703;-0,12;0;-0,12;;;
20180104;3;-734,7;101,6;-633,1;-400,5;0;-400,5;0;1046,25;1046,25;-303,12;0;-303,12;210,178;210,178;-50,24;0;-50,24;;;
20180104;4;-636,1;107,4;-528,7;-394,7;0;-394,7;0;930,6;930,6;-317,58;0;-317,58;208,411;208,411;-50,18;0;-50,18;;;
20180104;5;-616,4;108;-508,4;-400,9;0;-400,9;0;854,1;854,1;-138,89;0;-138,89;210,511;210,511;-0,25;0;-0,25;;;
20180104;6;-551,9;96,8;-455,1;-363;0;-363;0;844,8;844,8;-338,68;0;-338,68;209,712;209,712;0;0;0;;;
20180104;7;-489,3;25,4;-463,9;-365,8;0;-365,8;0;860,85;860,85;-14,89;3;-11,89;209,15;209,15;-0,06;0;-0,06;;;
20180104;8;-563,5;0,2;-563,3;-337,6;0;-337,6;0;909,15;909,15;0;331,7;331,7;209,446;209,446;-0,12;0,98;0,86;;;
20180104;9;-577,3;0;-577,3;-443,5;0;-443,5;0;1094,4;1094,4;0;577,6;577,6;210,751;210,751;0;419,08;419,08;;;
20180104;10;-747,3;0;-747,3;-556,5;0;-556,5;0;1015,65;1015,65;0;597,7;597,7;211,288;211,288;0;486,01;486,01;;;
20180104;11;-822,9;0;-822,9;-600,3;0;-600,3;0;959,55;959,55;0;597,6;597,6;212,256;212,256;0;485,9;485,9;;;
20180104;12;-764;0;-764;-539,4;0;-539,4;0;895,8;895,8;0;597,5;597,5;210,237;210,237;0;485,99;485,99;;;
20180104;13;-765,9;0;-765,9;-493,1;0;-493,1;0;934,05;934,05;0;597,6;597,6;211,772;211,772;0;486,08;486,08;;;
20180104;14;-796,4;0;-796,4;-438,2;0;-438,2;0;877,95;877,95;0;597,6;597,6;209,65;209,65;0;485,59;485,59;;;
20180104;15;-637,2;2;-635,2;-396,7;0;-396,7;0;988,5;988,5;0;597,5;597,5;210,91;210,91;0;485,6;485,6;;;
20180104;16;-585,2;25,6;-559,6;-344,5;0;-344,5;0;983,55;983,55;0;597,6;597,6;208,917;208,917;0;485,37;485,37;;;
20180104;17;-404,9;73,4;-331,5;-272;0;-272;0;988,05;988,05;0;597,4;597,4;209,491;209,491;0;485,28;485,28;;;
20180104;18;-384,5;56,8;-327,7;-302,9;0;-302,9;0;807,9;807,9;0;597,5;597,5;211,221;211,221;0;486,08;486,08;;;
20180104;19;-335,8;58,2;-277,6;-316,6;0;-316,6;0;816,45;816,45;0;597,5;597,5;211,487;211,487;0;485,99;485,99;;;
20180104;20;-434,8;30,2;-404,6;-364,7;0;-364,7;0;1072,05;1072,05;0;597,5;597,5;210,452;210,452;0;485,54;485,54;;;
20180104;21;-457,3;16,4;-440,9;-436,9;0;-436,9;0;1222,05;1222,05;0;597,8;597,8;210,463;210,463;0;485,43;485,43;;;
20180104;22;-307,4;40,6;-266,8;-406,7;0;-406,7;0;1083,75;1083,75;0;597,5;597,5;208,977;208,977;0;486,03;486,03;;;
20180104;23;-366,5;15,2;-351,3;-483,5;0;-483,5;0;1152,75;1152,75;0;575,9;575,9;212,349;212,349;0;486,02;486,02;;;
20180104;24;-450,4;8,4;-442;-546;0;-546;0;1148,1;1148,1;0;27,3;27,3;209,624;209,624;0;437,86;437,86;;;
20180105;1;-717,8;1;-716,8;-605,8;0;-605,8;0;1299,9;1299,9;-3,23;0;-3,23;211,698;211,698;0;5,54;5,54;;;
20180105;2;-746;21;-725;-617,2;0;-617,2;0;1362,15;1362,15;-206,74;0;-206,74;212,43;212,43;0;0,24;0,24;;;
20180105;3;-805,1;58,2;-746,9;-631,3;0;-631,3;0;1400,1;1400,1;-340,49;0;-340,49;213,576;213,576;0;0,02;0,02;;;
20180105;4;-742,2;85,2;-657;-620,9;0;-620,9;0;1270,5;1270,5;-341,05;0;-341,05;212,404;212,404;-71,96;0;-71,96;;;
20180105;5;-720,9;88,6;-632,3;-612,7;0;-612,7;0;1253,55;1253,55;-366,9;0;-366,9;212,282;212,282;0;0;0;;;
20180105;6;-627,4;79,8;-547,6;-575,6;0;-575,6;0;1113,6;1113,6;-402,38;0;-402,38;210,681;210,681;-65,84;0;-65,84;;;
20180105;7;-627,8;14;-613,8;-583,8;0;-583,8;0;1182,15;1182,15;-13,87;0,7;-13,17;212,711;212,711;-3,77;0;-3,77;;;
20180105;8;-526,1;23,8;-502,3;-467,7;0;-467,7;0;1170,75;1170,75;0;432,6;432,6;212,208;212,208;-0,12;1,74;1,62;;;
20180105;9;-642,3;15,2;-627,1;-520,5;0;-520,5;0;1298,7;1298,7;0;482;482;209,901;209,901;0;317,87;317,87;;;
20180105;10;-666,6;13,2;-653,4;-576,9;0;-576,9;0;1238,7;1238,7;0;596,1;596,1;211,395;211,395;0;485,37;485,37;;;
20180105;11;-853;1,4;-851,6;-630,8;0;-630,8;0;1273,05;1273,05;0;597,4;597,4;208,293;208,293;0;485,77;485,77;;;
20180105;12;-980,6;0;-980,6;-637,7;0;-637,7;0;1312,5;1312,5;0;597,4;597,4;210,452;210,452;0;486,76;486,76;;;
20180105;13;-1003,6;0;-1003,6;-584,1;0;-584,1;0;1300,05;1300,05;0;597,3;597,3;208,263;208,263;0;487,43;487,43;;;
20180105;14;-1140,8;0;-1140,8;-608,6;0;-608,6;0;1261,8;1261,8;0;597,4;597,4;208,086;208,086;0;487,71;487,71;;;
20180105;15;-1125,1;0;-1125,1;-576,7;0;-576,7;0;1053,6;1053,6;0;597,3;597,3;208,522;208,522;0;487,93;487,93;;;
20180105;16;-1000,2;0;-1000,2;-525,8;0;-525,8;0;807,45;807,45;0;597,5;597,5;209,317;209,317;0;487,34;487,34;;;
20180105;17;-921;2,4;-918,6;-468,8;0;-468,8;0;807,15;807,15;0;597,5;597,5;208,574;208,574;0;486,81;486,81;;;
20180105;18;-868,9;0,6;-868,3;-438,2;0;-438,2;0;573,3;573,3;0;597,5;597,5;209,387;209,387;0;487,07;487,07;;;
20180105;19;-791,5;6,6;-784,9;-320,4;0;-320,4;0;399,15;399,15;0;597,5;597,5;209,365;209,365;0;487,06;487,06;;;
20180105;20;-789,9;3;-786,9;-327,6;0;-327,6;0;460,05;460,05;0;597,5;597,5;209,302;209,302;0;487,15;487,15;;;
20180105;21;-862,3;0,2;-862,1;-404;0;-404;0;639,6;639,6;0;597,4;597,4;209,383;209,383;0;487,18;487,18;;;
20180105;22;-857,5;0,2;-857,3;-520,8;0;-520,8;0;749,4;749,4;0;597,4;597,4;208,825;208,825;0;487,22;487,22;;;
20180105;23;-1187,4;0;-1187,4;-732,5;0;-732,5;0;374,7;374,7;0;232,2;232,2;210,06;210,06;0;487,24;487,24;;;
20180105;24;-823,9;1,4;-822,5;-540;0;-540;0;776,4;776,4;0;2,6;2,6;209,631;209,631;0;202,63;202,63;;;
20180106;1;-621,5;33,8;-587,7;-307,9;0;-307,9;0;911,25;911,25;-0,18;0;-0,18;211,439;211,439;0;0;0;;;
20180106;2;-686;44;-642;-303,9;0;-303,9;0;875,85;875,85;-120,53;0;-120,53;211,665;211,665;0;0;0;;;
20180106;3;-652,2;49,6;-602,6;-279,3;0;-279,3;0;869,7;869,7;-106,82;0;-106,82;214,024;214,024;0;0,24;0,24;;;
20180106;4;-663,8;47,4;-616,4;-287,5;0;-287,5;0;924,9;924,9;-164,78;0;-164,78;210,152;210,152;0;0,24;0,24;;;
20180106;5;-671,2;48,4;-622,8;-311,8;0;-311,8;0;902,1;902,1;-142,47;0;-142,47;211,417;211,417;0;0,29;0,29;;;
20180106;6;-748,7;42,6;-706,1;-376,3;0;-376,3;0;1089,15;1089,15;-332,81;0;-332,81;210,622;210,622;0;0,11;0,11;;;
20180106;7;-717,9;42,6;-675,3;-412,7;0;-412,7;0;1099,5;1099,5;-310,73;0;-310,73;209,805;209,805;0;0,45;0,45;;;
20180106;8;-779,1;5,8;-773,3;-481,4;0;-481,4;0;921,6;921,6;-180,66;0;-180,66;210,929;210,929;0;0,49;0,49;;;
20180106;9;-856,7;3,4;-853,3;-499,9;0;-499,9;0;795,45;795,45;-1,78;8,3;6,52;210,585;210,585;0;0,49;0,49;;;
20180106;10;-1181;0;-1181;-636,3;0;-636,3;0;371,25;371,25;0;395,8;395,8;210,311;210,311;-0,06;1,53;1,47;;;
20180106;11;-1252,3;0;-1252,3;-643,9;0;-643,9;0;215,25;215,25;0;596,6;596,6;209,335;209,335;0;173,44;173,44;;;
20180106;12;-1273,9;0;-1273,9;-660,7;0;-660,7;0;123;123;0;597,7;597,7;210,888;210,888;0;482,26;482,26;;;
20180106;13;-1158,8;0;-1158,8;-640,5;0;-640,5;-1,8;59,4;57,6;0;597,7;597,7;210,263;210,263;0;485,99;485,99;;;
20180106;14;-1045,5;0;-1045,5;-543,5;0;-543,5;-1,8;48,6;46,8;0;597,6;597,6;208,585;208,585;0;485,93;485,93;;;
20180106;15;-1059,9;0;-1059,9;-505,3;0;-505,3;-56,25;0,75;-55,5;0;597,5;597,5;210,027;210,027;0;485,98;485,98;;;
20180106;16;-1065;0,2;-1064,8;-446,9;0;-446,9;-30,75;17,4;-13,35;0;597,6;597,6;210,296;210,296;0;485,67;485,67;;;
20180106;17;-652,8;33;-619,8;-292,4;0;-292,4;0;303,9;303,9;0;597,6;597,6;211,406;211,406;0;454,54;454,54;;;
20180106;18;-805,7;0,4;-805,3;-363,7;0;-363,7;-12,9;28,35;15,45;0;597,6;597,6;210,836;210,836;0;442,2;442,2;;;
20180106;19;-747,6;0;-747,6;-231,2;0;-231,2;-294,3;0;-294,3;0;597,6;597,6;211,302;211,302;0;485,99;485,99;;;
20180106;20;-746,9;0;-746,9;-298,2;0;-298,2;-5,4;91,5;86,1;0;597,6;597,6;209,59;209,59;0;485,97;485,97;;;
20180106;21;-538,6;4,2;-534,4;-211,2;0;-211,2;0;437,85;437,85;0;597,6;597,6;212,899;212,899;0;485,87;485,87;;;
20180106;22;-384;20,2;-363,8;-136,1;0;-136,1;0;634,8;634,8;0;592,1;592,1;212,43;212,43;0;485,04;485,04;;;
20180106;23;-491,1;8,2;-482,9;-229,7;0;-229,7;0;690,3;690,3;0;462,1;462,1;211,04;211,04;0;318,95;318,95;;;
20180106;24;-402,4;31,4;-371;-239,2;0;-239,2;0;738,6;738,6;0;80,4;80,4;211,121;211,121;0;431,77;431,77;;;
20180107;1;-449;38,2;-410,8;-332,4;0;-332,4;0;956,7;956,7;0;83,1;83,1;211,879;211,879;0;415,85;415,85;;;
20180107;2;-585,5;42;-543,5;-358,8;0;-358,8;0;973,5;973,5;0;0;0;212,167;212,167;0;139,13;139,13;;;
20180107;3;-687,8;60,8;-627;-333,6;0;-333,6;0;992,55;992,55;0;0;0;210,252;210,252;0;0,65;0,65;;;
20180107;4;-612;66,6;-545,4;-293,2;0;-293,2;0;812,55;812,55;0;0;0;207,013;207,013;0;0;0;;;
20180107;5;-580,2;74,6;-505,6;-288;0;-288;0;787,2;787,2;0;0;0;206,714;206,714;0;0,09;0,09;;;
20180107;6;-681,6;90,4;-591,2;-350,5;0;-350,5;0;974,25;974,25;0;0;0;208,703;208,703;0;0,42;0,42;;;
20180107;7;-732;43,6;-688,4;-358,1;0;-358,1;0;1028,55;1028,55;0;0;0;209,527;209,527;0;0,27;0,27;;;
20180107;8;-656,8;4;-652,8;-401,2;0;-401,2;0;1045,65;1045,65;0;1,6;1,6;208,503;208,503;0;0,48;0,48;;;
20180107;9;-496;25;-471;-415,5;0;-415,5;0;1064,1;1064,1;0;357,8;357,8;207,572;207,572;0;0,63;0,63;;;
20180107;10;-503,8;30,4;-473,4;-443,4;0;-443,4;0;1258,35;1258,35;0;597,5;597,5;208,751;208,751;0;153,29;153,29;;;
20180107;11;-394;47,4;-346,6;-378,5;0;-378,5;0;1170;1170;0;597,5;597,5;208,248;208,248;0;483,21;483,21;;;
20180107;12;-402,3;48,2;-354,1;-395,8;0;-395,8;0;1276,8;1276,8;0;597,5;597,5;209,387;209,387;0;486,69;486,69;;;
20180107;13;-454,5;42,8;-411,7;-390,9;0;-390,9;0;1323,9;1323,9;0;597,6;597,6;210,075;210,075;0;486,72;486,72;;;
20180107;14;-499,1;51,2;-447,9;-318,3;0;-318,3;0;1290,45;1290,45;0;597,6;597,6;210,056;210,056;0;486,7;486,7;;;
20180107;15;-466,1;50,8;-415,3;-289,6;0;-289,6;0;1174,05;1174,05;0;597,6;597,6;209,339;209,339;0;486,69;486,69;;;
20180107;16;-495,4;55;-440,4;-286,8;0;-286,8;0;1208,7;1208,7;0;597,7;597,7;209,062;209,062;0;486,74;486,74;;;
20180107;17;-467,8;74,2;-393,6;-346,5;0;-346,5;0;1270,2;1270,2;0;597,6;597,6;210,138;210,138;0;486,64;486,64;;;
20180107;18;-456,4;70,4;-386;-393,4;0;-393,4;0;1285,8;1285,8;0;597,8;597,8;208,577;208,577;0;486,67;486,67;;;
20180107;19;-425,3;73,6;-351,7;-380,3;0;-380,3;0;1241,85;1241,85;0;597,6;597,6;209,394;209,394;0;486,68;486,68;;;
20180107;20;-429,2;77,6;-351,6;-353,3;0;-353,3;0;1212,6;1212,6;0;597,7;597,7;210,126;210,126;0;486,7;486,7;;;
20180107;21;-449,5;74,4;-375,1;-326,6;0;-326,6;0;1205,7;1205,7;0;597,7;597,7;209,124;209,124;0;486,87;486,87;;;
20180107;22;-448,6;61,2;-387,4;-317,2;0;-317,2;0;1179,9;1179,9;0;597,7;597,7;209,65;209,65;0;486,87;486,87;;;
20180107;23;-429,2;40,8;-388,4;-351,4;0;-351,4;0;1255,05;1255,05;0;597,2;597,2;211,199;211,199;0;487,06;487,06;;;
20180107;24;-383;38;-345;-303,3;0;-303,3;0;1151,55;1151,55;0;520,8;520,8;210,367;210,367;0;485,07;485,07;;;
20180108;1;-704,5;1,6;-702,9;-366,8;0;-366,8;0;1101,9;1101,9;-49,95;18,2;-31,75;208,378;208,378;0;71,54;71,54;;;
20180108;2;-732,1;17,2;-714,9;-373,1;0;-373,1;0;1085,25;1085,25;-208,4;0;-208,4;210,925;210,925;0;209,93;209,93;;;
20180108;3;-738;15,4;-722,6;-377,7;0;-377,7;0;1085,7;1085,7;-119,31;0;-119,31;210,714;210,714;0;118,99;118,99;;;
20180108;4;-710,4;20,6;-689,8;-381,9;0;-381,9;0;1052,55;1052,55;-259,91;0;-259,91;210,385;210,385;0;260,64;260,64;;;
20180108;5;-776;40;-736;-408,8;0;-408,8;0;1109,85;1109,85;-93,45;0;-93,45;211,713;211,713;0;99,01;99,01;;;
20180108;6;-680,5;38,2;-642,3;-413,9;0;-413,9;0;1174,35;1174,35;0;0;0;211,154;211,154;0;351,38;351,38;;;
20180108;7;-592,3;7,8;-584,5;-365,9;0;-365,9;0;1292,1;1292,1;0;302,9;302,9;210,903;210,903;0;377,16;377,16;;;
20180108;8;-601,6;3,8;-597,8;-414,7;0;-414,7;0;1164,45;1164,45;0;595,3;595,3;210,703;210,703;0;486,11;486,11;;;
20180108;9;-246,9;41;-205,9;-199;0;-199;0;1060,65;1060,65;0;597,7;597,7;209,931;209,931;0;486,89;486,89;;;
20180108;10;-277,9;35,2;-242,7;-181;0;-181;0;1131,9;1131,9;0;597,6;597,6;212,415;212,415;0;486,87;486,87;;;
20180108;11;-385,1;10,8;-374,3;-267,4;0;-267,4;0;1170,3;1170,3;0;597,7;597,7;211,724;211,724;0;486,9;486,9;;;
20180108;12;-410,4;18;-392,4;-315,3;0;-315,3;0;1195,2;1195,2;0;597,7;597,7;210,359;210,359;0;486,82;486,82;;;
20180108;13;-381,1;0,2;-380,9;-255,5;0;-255,5;0;1204,2;1204,2;0;597,7;597,7;209,919;209,919;0;486,88;486,88;;;
20180108;14;-365;1;-364;-225,2;0;-225,2;0;1173,45;1173,45;0;597,7;597,7;212,759;212,759;0;486,96;486,96;;;
20180108;15;-304,6;4;-300,6;-195,4;0;-195,4;0;1123,65;1123,65;0;597,8;597,8;210,119;210,119;0;486,96;486,96;;;
20180108;16;-349,6;0,4;-349,2;-240;0;-240;0;1167,6;1167,6;0;597,7;597,7;213,506;213,506;0;487,01;487,01;;;
20180108;17;-398,4;10,6;-387,8;-288,6;0;-288,6;0;1263,6;1263,6;0;597,8;597,8;211,458;211,458;0;486,99;486,99;;;
20180108;18;-358,4;23;-335,4;-292,1;0;-292,1;0;1182,3;1182,3;0;597,8;597,8;211,162;211,162;0;486,99;486,99;;;
20180108;19;-319,8;46,8;-273;-251,2;0;-251,2;0;1147,95;1147,95;0;597,8;597,8;210,167;210,167;0;486,93;486,93;;;
20180108;20;-383,7;50,4;-333,3;-240,4;0;-240,4;0;1166,4;1166,4;0;597,8;597,8;210,086;210,086;0;486,94;486,94;;;
20180108;21;-400,1;47,4;-352,7;-327,9;0;-327,9;0;1165,95;1165,95;0;597,8;597,8;213,51;213,51;0;487,03;487,03;;;
20180108;22;-344,8;62,8;-282;-311,2;0;-311,2;0;1067,7;1067,7;0;597,8;597,8;210,626;210,626;0;486,97;486,97;;;
20180108;23;-394,1;57,2;-336,9;-330,4;0;-330,4;0;1206,3;1206,3;0;597,7;597,7;211,003;211,003;0;486,65;486,65;;;
20180108;24;-392,5;37,2;-355,3;-267,1;0;-267,1;0;1064,85;1064,85;0;592,8;592,8;211,665;211,665;0;399,49;399,49;;;
20180109;1;-567,5;9,4;-558,1;-418,4;0;-418,4;0;1245;1245;0;224,9;224,9;212,467;212,467;0;378,37;378,37;;;
20180109;2;-701;6,8;-694,2;-400,3;0;-400,3;0;1185,3;1185,3;0;133,4;133,4;213,713;213,713;0;6,76;6,76;;;
20180109;3;-707,6;20,2;-687,4;-346,8;0;-346,8;0;1021,5;1021,5;0;0;0;211,972;211,972;0;0;0;;;
20180109;4;-652;24,2;-627,8;-315,1;0;-315,1;0;937,95;937,95;0;0;0;212,271;212,271;0;0;0;;;
20180109;5;-693,9;22,6;-671,3;-344,4;0;-344,4;0;1017,3;1017,3;0;0;0;213,484;213,484;0;0;0;;;
20180109;6;-625,1;28;-597,1;-400,1;0;-400,1;0;1014,9;1014,9;0;2,7;2,7;210,204;210,204;-3,77;0;-3,77;;;
20180109;7;-540,3;26,2;-514,1;-288,1;0;-288,1;0;980,4;980,4;0;529,5;529,5;210,896;210,896;-156,54;0;-156,54;;;
20180109;8;-524,6;50,2;-474,4;-219,2;0;-219,2;0;923,7;923,7;0;597,5;597,5;213,044;213,044;-83,22;0;-83,22;;;
20180109;9;-501,8;85,4;-416,4;-137,1;0;-137,1;0;922,5;922,5;0;597,5;597,5;213,476;213,476;-1,67;147,35;145,68;;;
20180109;10;-454,5;96,2;-358,3;-115;0;-115;0;961,95;961,95;0;597,6;597,6;211,679;211,679;0;163,17;163,17;;;
20180109;11;-459,5;73,4;-386,1;-160,5;0;-160,5;0;975,15;975,15;0;597,6;597,6;211,653;211,653;0;180,04;180,04;;;
20180109;12;-439,1;66;-373,1;-198,5;0;-198,5;0;988,2;988,2;0;597,6;597,6;212,696;212,696;0;263,81;263,81;;;
20180109;13;-388,7;57,8;-330,9;-230,8;0;-230,8;0;984,6;984,6;0;597,6;597,6;212,692;212,692;0;346,28;346,28;;;
20180109;14;-361,6;30;-331,6;-218,4;0;-218,4;0;754,95;754,95;0;597,7;597,7;213,983;213,983;0;450,8;450,8;;;
20180109;15;-532,4;46,6;-485,8;-278,2;0;-278,2;0;897,15;897,15;0;597,7;597,7;213,21;213,21;0;165,91;165,91;;;
20180109;16;-571,9;33,4;-538,5;-319,1;0;-319,1;0;896,1;896,1;0;597,7;597,7;210,411;210,411;0;159,05;159,05;;;
20180109;17;-689,3;3,4;-685,9;-339,6;0;-339,6;0;984,9;984,9;0;597,8;597,8;207,56;207,56;0;145,42;145,42;;;
20180109;18;-674;0;-674;-347,7;0;-347,7;0;1024,35;1024,35;0;597,7;597,7;211,472;211,472;0;252,88;252,88;;;
20180109;19;-585,2;0;-585,2;-316,9;0;-316,9;0;943,2;943,2;0;597,6;597,6;211,964;211,964;0;238,08;238,08;;;
20180109;20;-608,7;0;-608,7;-324,3;0;-324,3;0;929,1;929,1;0;597,7;597,7;213,025;213,025;0;482,52;482,52;;;
20180109;21;-719,5;0;-719,5;-430,3;0;-430,3;0;859,5;859,5;0;597,6;597,6;213,569;213,569;0;479,47;479,47;;;
20180109;22;-883,2;0;-883,2;-536,1;0;-536,1;0;490,8;490,8;0;592,1;592,1;213,469;213,469;0;192,89;192,89;;;
20180109;23;-967;0;-967;-612,8;0;-612,8;0;296,55;296,55;0;367,8;367,8;213,295;213,295;0;61,35;61,35;;;
20180109;24;-595,3;2,2;-593,1;-402;0;-402;0;395,85;395,85;0;12,1;12,1;213,025;213,025;0;0;0;;;
20180110;1;-676,1;28,8;-647,3;-346,7;0;-346,7;0;526,65;526,65;0;0;0;211,912;211,912;-94,11;0;-94,11;;;
20180110;2;-589,5;73,6;-515,9;-228,9;0;-228,9;0;395,55;395,55;0;0;0;209,383;209,383;-130,19;0;-130,19;;;
20180110;3;-439,3;104;-335,3;-127,4;0;-127,4;0;390;390;0;0;0;209,491;209,491;-62,87;0;-62,87;;;
20180110;4;-405,3;106,8;-298,5;-122,7;0;-122,7;0;372,9;372,9;0;0;0;209,971;209,971;-0,5;0;-0,5;;;
20180110;5;-484,7;130,4;-354,3;-177,6;0;-177,6;0;407,55;407,55;0;0,2;0,2;211,731;211,731;-115,34;0;-115,34;;;
20180110;6;-628,2;69,2;-559;-340,2;0;-340,2;0;638,85;638,85;0;83,5;83,5;212,792;212,792;-58,84;0;-58,84;;;
20180110;7;-594,2;16,2;-578;-303,4;0;-303,4;0;576,45;576,45;0;581;581;209,968;209,968;-284,07;0;-284,07;;;
20180110;8;-674,9;3,6;-671,3;-309;0;-309;0;585,15;585,15;0;597,4;597,4;211,491;211,491;-2,29;62,55;60,26;;;
20180110;9;-328,9;43,2;-285,7;-163,1;0;-163,1;0;430,2;430,2;0;597,4;597,4;209,258;209,258;0;76,72;76,72;;;
20180110;10;-256,7;26,8;-229,9;-201,4;0;-201,4;0;576,9;576,9;0;597,4;597,4;209,139;209,139;0;353,99;353,99;;;
20180110;11;-256,3;49,8;-206,5;-209,3;0;-209,3;0;809,85;809,85;0;597,4;597,4;210,141;210,141;0;390,17;390,17;;;
20180110;12;-303,9;47,2;-256,7;-160,9;0;-160,9;0;876,6;876,6;0;597,5;597,5;211,228;211,228;0;482,06;482,06;;;
20180110;13;-235,6;43,8;-191,8;-90,4;0;-90,4;0;866,55;866,55;0;597,5;597,5;209,431;209,431;0;485,32;485,32;;;
20180110;14;-201,1;51,2;-149,9;-55,2;0;-55,2;0;832,2;832,2;0;597,7;597,7;213,269;213,269;0;486,91;486,91;;;
20180110;15;-215,9;29,4;-186,5;-48,6;0,7;-47,9;0;822,9;822,9;0;597,8;597,8;211,28;211,28;0;486,98;486,98;;;
20180110;16;-202,6;43;-159,6;-19,9;4,2;-15,7;0;768,9;768,9;0;597,8;597,8;211,986;211,986;0;486,16;486,16;;;
20180110;17;-236,9;74,8;-162,1;-36,9;0,5;-36,4;0;800,1;800,1;0;597,7;597,7;210,751;210,751;0;486,67;486,67;;;
20180110;18;-97,4;91,6;-5,8;-65;0;-65;0;656,55;656,55;0;597,7;597,7;210,2;210,2;0;486,65;486,65;;;
20180110;19;-60,8;106;45,2;-41,3;0,3;-41;0;629,1;629,1;0;597,7;597,7;211,262;211,262;0;487,22;487,22;;;
20180110;20;-199,7;70,6;-129,1;-33,7;1,8;-31,9;0;764,7;764,7;0;597,6;597,6;211,31;211,31;0;487,06;487,06;;;
20180110;21;-333,4;26,8;-306,6;-168,4;0;-168,4;0;664,35;664,35;0;597,7;597,7;212,204;212,204;0;486,11;486,11;;;
20180110;22;-295,5;26,8;-268,7;-197,7;0;-197,7;0;537,15;537,15;0;597,6;597,6;211,554;211,554;0;486,39;486,39;;;
20180110;23;-448,4;1,8;-446,6;-327,6;0;-327,6;0;388,35;388,35;0;597,5;597,5;210,737;210,737;0;486,46;486,46;;;
20180110;24;-421,2;1;-420,2;-350,5;0;-350,5;0;123,6;123,6;0;595,9;595,9;213,284;213,284;0;486,22;486,22;;;
20180111;1;-460;0,4;-459,6;-312,7;0;-312,7;0;418,8;418,8;0;443,6;443,6;213,051;213,051;0;385,07;385,07;;;
20180111;2;-432,2;0;-432,2;-280,4;0;-280,4;0;415,65;415,65;0;14,6;14,6;212,249;212,249;0;379,97;379,97;;;
20180111;3;-362;1;-361;-214,9;0;-214,9;0;296,25;296,25;0;0;0;213,051;213,051;0;241,61;241,61;;;
20180111;4;-236,3;12;-224,3;-128,6;0;-128,6;0;305,55;305,55;0;59,5;59,5;213,802;213,802;0;137,7;137,7;;;
20180111;5;-279,5;7,2;-272,3;-166,6;0;-166,6;0;372;372;0;184,5;184,5;212,8;212,8;0;0,24;0,24;;;
20180111;6;-396,6;2;-394,6;-211,5;0;-211,5;0;448,05;448,05;0;356;356;214,56;214,56;-0,06;0;-0,06;;;
20180111;7;-387,2;11,8;-375,4;-220,8;0;-220,8;0;537,75;537,75;0;172,2;172,2;214,319;214,319;-0,12;0;-0,12;;;
20180111;8;-347,2;11,4;-335,8;-108,5;0;-108,5;0;555;555;0;4,5;4,5;212,84;212,84;-0,19;0;-0,19;;;
20180111;9;-199,2;32,6;-166,6;-25,4;3,5;-21,9;0;451,5;451,5;0;329,3;329,3;210,7;210,7;-0,12;0;-0,12;;;
20180111;10;-165,6;30,6;-135;-17,2;4,8;-12,4;0;495,45;495,45;0;593,8;593,8;209,945;209,945;-0,19;1,98;1,79;;;
20180111;11;-84,8;65,9;-18,9;-13,3;21,7;8,4;0;610,95;610,95;0;597,7;597,7;209,679;209,679;0;328,19;328,19;;;
20180111;12;-76,3;66,2;-10,1;-5,6;17,4;11,8;0;647,1;647,1;0;597,6;597,6;209,879;209,879;0;481,71;481,71;;;
20180111;13;-139,3;69,2;-70,1;0;64,9;64,9;0;720,45;720,45;0;597,8;597,8;211,251;211,251;0;484,76;484,76;;;
20180111;14;-202,6;54;-148,6;0;81,3;81,3;0;745,5;745,5;0;597,7;597,7;212,766;212,766;0;486,2;486,2;;;
20180111;15;-233,2;78,2;-155;0;62,2;62,2;0;751,8;751,8;0;597,6;597,6;212,001;212,001;0;486,62;486,62;;;
20180111;16;-233,6;82,2;-151,4;0;58,5;58,5;0;670,95;670,95;0;597,8;597,8;211,169;211,169;0;392,51;392,51;;;
20180111;17;-178,6;100,8;-77,8;-13,6;8,2;-5,4;0;771,75;771,75;0;597,7;597,7;212,778;212,778;0;485,73;485,73;;;
20180111;18;-91,2;123,9;32,7;-0,4;45;44,6;0;633,45;633,45;0;597,7;597,7;212,33;212,33;0;486,46;486,46;;;
20180111;19;-57,6;154,7;97,1;-0,1;73,6;73,5;0;545,1;545,1;0;597,7;597,7;211,746;211,746;0;486,51;486,51;;;
20180111;20;-68,2;149,4;81,2;-2,1;43,2;41,1;0;556,2;556,2;0;597,7;597,7;212,301;212,301;0;486,5;486,5;;;
20180111;21;-202,3;76,8;-125,5;-119,2;0;-119,2;0;620,1;620,1;0;597,7;597,7;213,543;213,543;0;486;486;;;
20180111;22;-170,9;50,2;-120,7;-130,9;0;-130,9;0;399,9;399,9;0;597,8;597,8;212,234;212,234;0;485,29;485,29;;;
20180111;23;-434,2;8,8;-425,4;-284,2;0;-284,2;-1,95;68,25;66,3;0;597,8;597,8;211,528;211,528;0;485,05;485,05;;;
20180111;24;-558,4;0;-558,4;-368,2;0;-368,2;-11,85;13,65;1,8;0;597,6;597,6;212,031;212,031;0;482,11;482,11;;;
20180112;1;-589,8;0;-589,8;-296,9;0;-296,9;0;96;96;0;596,9;596,9;210,152;210,152;0;182,66;182,66;;;
20180112;2;-571,2;0;-571,2;-267,4;0;-267,4;-7,05;28,8;21,75;0;158,8;158,8;209,698;209,698;0;375,01;375,01;;;
20180112;3;-498,2;0;-498,2;-229,8;0;-229,8;-12,3;20,55;8,25;0;1,3;1,3;210,781;210,781;0;335,29;335,29;;;
20180112;4;-350,5;2;-348,5;-167,4;0;-167,4;0;97,8;97,8;0;6;6;212,556;212,556;0;321,02;321,02;;;
20180112;5;-435,9;0,6;-435,3;-213,2;0;-213,2;0;184,5;184,5;0;379,3;379,3;212,596;212,596;0;52,07;52,07;;;
20180112;6;-665,3;0;-665,3;-345,1;0;-345,1;0;331,5;331,5;0;592,1;592,1;212,8;212,8;0;169,76;169,76;;;
20180112;7;-371,3;18,4;-352,9;-177,3;0;-177,3;0;727,2;727,2;0;597,6;597,6;211,476;211,476;0;127,73;127,73;;;
20180112;8;-247,4;26,4;-221;-195,7;0;-195,7;0;640,95;640,95;0;597,6;597,6;211,084;211,084;0;483,06;483,06;;;
20180112;9;-132;31,8;-100,2;-150;0;-150;0;619,05;619,05;0;597,7;597,7;213,624;213,624;0;486,02;486,02;;;
20180112;10;-158,5;27,6;-130,9;-164,6;0;-164,6;0;748,2;748,2;0;597,7;597,7;212,053;212,053;0;486,5;486,5;;;
20180112;11;-156;50,8;-105,2;-144,9;0;-144,9;0;845,55;845,55;0;597,6;597,6;210,193;210,193;0;486,05;486,05;;;
20180112;12;-201,9;53,8;-148,1;-121,8;0;-121,8;0;831;831;0;597,7;597,7;211,502;211,502;0;487,28;487,28;;;
20180112;13;-129;69,2;-59,8;-87,4;0;-87,4;0;858;858;0;597,7;597,7;210,245;210,245;0;487,41;487,41;;;
20180112;14;-155,8;75;-80,8;-67,2;0;-67,2;0;862,65;862,65;0;597,7;597,7;212,522;212,522;0;487,31;487,31;;;
20180112;15;-291,7;56,2;-235,5;-100,1;0;-100,1;0;847,2;847,2;0;597,7;597,7;211,58;211,58;0;487,03;487,03;;;
20180112;16;-307,1;57,6;-249,5;-111,4;0;-111,4;0;883,35;883,35;0;597,8;597,8;210,977;210,977;0;486,93;486,93;;;
20180112;17;-258,8;81;-177,8;-138,5;0;-138,5;0;1017,15;1017,15;0;597,7;597,7;210,282;210,282;0;486,45;486,45;;;
20180112;18;-189,8;88,8;-101;-106,8;0;-106,8;0;913,5;913,5;0;597,7;597,7;207,904;207,904;0;487,34;487,34;;;
20180112;19;-264;66,2;-197,8;-154,8;0;-154,8;0;823,05;823,05;0;597,7;597,7;208,452;208,452;0;486,7;486,7;;;
20180112;20;-385,6;44,6;-341;-201,2;0;-201,2;0;784,5;784,5;0;597,7;597,7;209,235;209,235;0;486,56;486,56;;;
20180112;21;-256;64,6;-191,4;-186,9;0;-186,9;0;1024,05;1024,05;0;597,8;597,8;210,685;210,685;0;486,49;486,49;;;
20180112;22;-297,3;65;-232,3;-233,1;0;-233,1;0;927,9;927,9;0;594;594;211,051;211,051;0;485,49;485,49;;;
20180112;23;-653,3;3,4;-649,9;-381,1;0;-381,1;0;681,45;681,45;0;538;538;209,975;209,975;0;334,9;334,9;;;
20180112;24;-483,5;26,2;-457,3;-317;0;-317;0;684,3;684,3;0;113,7;113,7;208,991;208,991;0;421,84;421,84;;;
20180113;1;-703,8;1,8;-702;-387,6;0;-387,6;0;429;429;0;456,5;456,5;210,962;210,962;0;5,75;5,75;;;
20180113;2;-596;4,6;-591,4;-331,7;0;-331,7;0;376,8;376,8;0;146,6;146,6;212,271;212,271;-0,06;0,51;0,45;;;
20180113;3;-571,8;8,6;-563,2;-260,9;0;-260,9;0;553,65;553,65;0;1,6;1,6;211,857;211,857;0;0,51;0,51;;;
20180113;4;-672,5;0,8;-671,7;-261,4;0;-261,4;0;542,85;542,85;0;0;0;212,012;212,012;0;0,51;0,51;;;
20180113;5;-661;0,8;-660,2;-262,5;0;-262,5;0;511,35;511,35;0;0;0;211,103;211,103;0;0,5;0,5;;;
20180113;6;-700,4;0,8;-699,6;-273,3;0;-273,3;0;667,2;667,2;0;2,1;2,1;210,234;210,234;0;0,49;0,49;;;
20180113;7;-576,5;39,4;-537,1;-212,6;0;-212,6;0;727,95;727,95;0;201,5;201,5;208,988;208,988;0;0,22;0,22;;;
20180113;8;-577;24,2;-552,8;-227,9;0;-227,9;0;906,3;906,3;0;530,5;530,5;211,025;211,025;-0,12;3,21;3,09;;;
20180113;9;-594,2;43;-551,2;-301,3;0;-301,3;0;1007,85;1007,85;0;597,5;597,5;206,847;206,847;0;471,57;471,57;;;
20180113;10;-678,9;9,8;-669,1;-388,9;0;-388,9;0;1015,95;1015,95;0;597,6;597,6;210,696;210,696;0;486,66;486,66;;;
20180113;11;-719;43,2;-675,8;-396,3;0;-396,3;0;1155,75;1155,75;0;597,4;597,4;208,215;208,215;0;485,4;485,4;;;
20180113;12;-689,6;49;-640,6;-418,4;0;-418,4;0;1072,8;1072,8;0;597,4;597,4;211,007;211,007;0;485,4;485,4;;;
20180113;13;-573,7;76,4;-497,3;-309,9;0;-309,9;0;1225,35;1225,35;0;597,3;597,3;211,188;211,188;0;485,43;485,43;;;
20180113;14;-533,6;81,2;-452,4;-264,2;0;-264,2;0;1211,4;1211,4;0;597,4;597,4;211,783;211,783;0;485,48;485,48;;;
20180113;15;-597,2;63,8;-533,4;-240,1;0;-240,1;0;1231,65;1231,65;0;597,5;597,5;210,323;210,323;0;440,09;440,09;;;
20180113;16;-599,5;66,4;-533,1;-156;0;-156;0;1220,55;1220,55;0;597,4;597,4;209,48;209,48;0;208,3;208,3;;;
20180113;17;-529,7;92,8;-436,9;-190,2;0;-190,2;0;1330,35;1330,35;0;597,5;597,5;209,446;209,446;-105,25;2,35;-102,9;;;
20180113;18;-577,7;67,6;-510,1;-216,2;0;-216,2;0;1227,9;1227,9;0;597,5;597,5;208,474;208,474;0;464,01;464,01;;;
20180113;19;-625,4;46,2;-579,2;-259,4;0;-259,4;0;1079,4;1079,4;0;597,5;597,5;208,877;208,877;0;486,38;486,38;;;
20180113;20;-557;56,8;-500,2;-236,8;0;-236,8;0;1097,55;1097,55;0;597,5;597,5;208,004;208,004;0;486,52;486,52;;;
20180113;21;-628,8;31,8;-597;-294,4;0;-294,4;0;1200,6;1200,6;0;597,5;597,5;209,165;209,165;0;486,49;486,49;;;
20180113;22;-482,2;50,4;-431,8;-232;0;-232;0;1171,05;1171,05;0;597,6;597,6;210,019;210,019;0;486,56;486,56;;;
20180113;23;-571,6;25;-546,6;-304,8;0;-304,8;0;1076,85;1076,85;0;592;592;207,975;207,975;0;111,09;111,09;;;
20180113;24;-539,4;23,6;-515,8;-315;0;-315;0;907,5;907,5;0;365;365;210,481;210,481;-0,06;0,5;0,44;;;
20180114;1;-408,6;27;-381,6;-247,2;0;-247,2;0;851,25;851,25;0;15,4;15,4;208,47;208,47;-0,19;0,49;0,3;;;
20180114;2;-440,7;44,8;-395,9;-277,5;0;-277,5;0;699,45;699,45;0;0;0;208,703;208,703;-60,45;0;-60,45;;;
20180114;3;-384,3;52,2;-332,1;-225,1;0;-225,1;0;576,3;576,3;0;0;0;209,017;209,017;-77,78;0;-77,78;;;
20180114;4;-520,1;40;-480,1;-205,2;0;-205,2;0;684,45;684,45;0;0;0;208,71;208,71;-159,08;0;-159,08;;;
20180114;5;-513,5;40;-473,5;-211;0;-211;0;676,35;676,35;0;0;0;209,043;209,043;-131,05;0;-131,05;;;
20180114;6;-538,2;37,2;-501;-232,7;0;-232,7;0;749,85;749,85;0;0;0;210,297;210,297;-50,8;0;-50,8;;;
20180114;7;-584,7;13,6;-571,1;-257;0;-257;0;856,35;856,35;0;2,6;2,6;211,228;211,228;-51,42;0;-51,42;;;
20180114;8;-475,7;15,6;-460,1;-305,5;0;-305,5;0;862,2;862,2;0;197,2;197,2;211,894;211,894;-0,68;1,39;0,71;;;
20180114;9;-383,8;44,6;-339,2;-261;0;-261;0;939,6;939,6;0;574,5;574,5;211,768;211,768;0;173,11;173,11;;;
20180114;10;-394,3;52,4;-341,9;-288,5;0;-288,5;0;1126,35;1126,35;0;597,4;597,4;214,205;214,205;0;486,94;486,94;;;
20180114;11;-514,2;35,6;-478,6;-349,7;0;-349,7;0;1347,75;1347,75;0;597,4;597,4;211,239;211,239;0;487,34;487,34;;;
20180114;12;-555,6;31,4;-524,2;-356,1;0;-356,1;0;1399,5;1399,5;0;597,4;597,4;211,838;211,838;0;487,15;487,15;;;
20180114;13;-501,6;42;-459,6;-285,4;0;-285,4;0;1266,6;1266,6;0;597,4;597,4;210,016;210,016;0;487,12;487,12;;;
20180114;14;-423,7;62,2;-361,5;-236,5;0;-236,5;0;1218;1218;0;597,4;597,4;210,016;210,016;0;487,2;487,2;;;
20180114;15;-466,5;44,2;-422,3;-317,7;0;-317,7;0;1285,35;1285,35;0;597,4;597,4;210,186;210,186;0;487,41;487,41;;;
20180114;16;-522,5;35,4;-487,1;-344,4;0;-344,4;0;1307,1;1307,1;0;597,4;597,4;210,548;210,548;0;487,43;487,43;;;
20180114;17;-482,4;66;-416,4;-402,9;0;-402,9;0;1249,65;1249,65;0;597,5;597,5;209,003;209,003;0;487,4;487,4;;;
20180114;18;-486,8;46,8;-440;-466,7;0;-466,7;0;1032,75;1032,75;0;597,4;597,4;210,818;210,818;0;475,99;475,99;;;
20180114;19;-564,8;37,8;-527;-436,9;0;-436,9;0;892,95;892,95;0;597,5;597,5;211,228;211,228;0;486,74;486,74;;;
20180114;20;-407,7;81,2;-326,5;-360,3;0;-360,3;0;875,4;875,4;0;597,4;597,4;210,537;210,537;0;486,36;486,36;;;
20180114;21;-403,2;58,6;-344,6;-353,2;0;-353,2;0;1142,55;1142,55;0;597,3;597,3;206,684;206,684;0;459,84;459,84;;;
20180114;22;-440,7;35,4;-405,3;-426,2;0;-426,2;0;1265,55;1265,55;0;597,4;597,4;209,768;209,768;0;485,7;485,7;;;
20180114;23;-629,4;17,4;-612;-547,2;0;-547,2;0;1284,6;1284,6;0;596;596;210,234;210,234;0;476,97;476,97;;;
20180114;24;-584,4;16,6;-567,8;-491;0;-491;0;1226,25;1226,25;0;546,6;546,6;208,729;208,729;0;7,74;7,74;;;
20180115;1;-630,1;2,8;-627,3;-475,2;0;-475,2;0;1126,05;1126,05;0;49,9;49,9;208,008;208,008;-48,76;0,01;-48,75;;;
20180115;2;-695;6,8;-688,2;-438,9;0;-438,9;0;1150,35;1150,35;0;242,8;242,8;210,796;210,796;-252,2;0;-252,2;;;
20180115;3;-758,9;52;-706,9;-421,4;0;-421,4;0;1106,1;1106,1;0;92;92;209,498;209,498;-96,77;0;-96,77;;;
20180115;4;-731,4;53,4;-678;-405;0;-405;0;1056,45;1056,45;0;0;0;208,47;208,47;-0,56;0,46;-0,1;;;
20180115;5;-827,4;46,4;-781;-482,8;0;-482,8;0;1257,9;1257,9;0;1,6;1,6;209,494;209,494;-1,49;0,48;-1,01;;;
20180115;6;-807,8;40;-767,8;-533,2;0;-533,2;0;1312,05;1312,05;0;64,1;64,1;209,235;209,235;-66,02;0;-66,02;;;
20180115;7;-941,5;0,6;-940,9;-576,6;0;-576,6;0;1204,8;1204,8;0;497,4;497,4;212,378;212,378;-224,73;0;-224,73;;;
20180115;8;-695,1;24,4;-670,7;-397,8;0;-397,8;0;975,9;975,9;0;571,9;571,9;212,315;212,315;-1,79;346,09;344,3;;;
20180115;9;-397,6;50;-347,6;-407,2;0;-407,2;0;1061,4;1061,4;0;597,4;597,4;211,354;211,354;0;485,62;485,62;;;
20180115;10;-279,3;75,3;-204;-428,6;0;-428,6;0;1017,9;1017,9;0;597,5;597,5;212,382;212,382;0;485,64;485,64;;;
20180115;11;-282,1;33,4;-248,7;-517,9;0;-517,9;0;1190,1;1190,1;0;597,5;597,5;211,029;211,029;0;472,57;472,57;;;
20180115;12;-336,9;0,8;-336,1;-529,7;0;-529,7;0;1224,6;1224,6;0;597,5;597,5;79,048;79,048;-0,12;4,75;4,63;;;
20180115;13;-317,1;12,2;-304,9;-456,2;0;-456,2;0;1054,5;1054,5;0;597,5;597,5;0;0;-0,19;0,52;0,33;;;
20180115;14;-303,8;15,7;-288,1;-422,8;0;-422,8;0;970,35;970,35;0;597,5;597,5;36,361;36,361;-0,19;0,52;0,33;;;
20180115;15;-287;73;-214;-396,2;0;-396,2;0;932,25;932,25;0;597,5;597,5;138,152;138,152;-0,12;0,52;0,4;;;
20180115;16;-317;67,6;-249,4;-410,4;0;-410,4;0;972,9;972,9;0;597,5;597,5;142,386;142,386;-0,19;0,52;0,33;;;
20180115;17;-430,2;13,2;-417;-553;0;-553;0;1073,85;1073,85;0;597,5;597,5;206,089;206,089;-0,19;0,51;0,32;;;
20180115;18;-460,8;0;-460,8;-561,8;0;-561,8;0;1154,7;1154,7;0;597,6;597,6;213,691;213,691;-0,12;0,51;0,39;;;
20180115;19;-398,2;0;-398,2;-519,1;0;-519,1;0;1048,05;1048,05;0;597,4;597,4;209,798;209,798;-0,19;0,52;0,33;;;
20180115;20;-389,8;0,4;-389,4;-543;0;-543;0;1112,1;1112,1;0;597,5;597,5;213,484;213,484;-0,12;0,51;0,39;;;
20180115;21;-338;30,6;-307,4;-532,9;0;-532,9;0;1038,15;1038,15;0;597,4;597,4;211,044;211,044;-0,12;0,5;0,38;;;
20180115;22;-288,1;35,8;-252,3;-488,5;0;-488,5;0;1132,5;1132,5;0;575,5;575,5;207,017;207,017;-0,06;0,5;0,44;;;
20180115;23;-507,1;1,8;-505,3;-663,2;0;-663,2;0;1153,05;1153,05;0;30,9;30,9;213,173;213,173;0;0,5;0,5;;;
20180115;24;-633,4;1,2;-632,2;-586,2;0;-586,2;0;1229,85;1229,85;0;120,3;120,3;211,572;211,572;-114,28;1,99;-112,29;;;
20180116;1;-535,5;26,8;-508,7;-624;0;-624;0;1162,95;1162,95;0;214,6;214,6;211,436;211,436;-297,25;0;-297,25;;;
20180116;2;-609,6;49,2;-560,4;-648,1;0;-648,1;0;1057,65;1057,65;0;198,2;198,2;213,203;213,203;-260,93;0;-260,93;;;
20180116;3;-643,2;69,4;-573,8;-668;0;-668;0;1011,45;1011,45;0;138,2;138,2;213,913;213,913;-300,65;0;-300,65;;;
20180116;4;-664;65,6;-598,4;-690;0;-690;0;1068,6;1068,6;0;124,7;124,7;213,436;213,436;-300,03;0;-300,03;;;
20180116;5;-607,3;75,8;-531,5;-603,7;0;-603,7;0;1105,65;1105,65;-69,68;0,6;-69,08;212,707;212,707;-300,03;0;-300,03;;;
20180116;6;-490,1;37;-453,1;-736,6;0;-736,6;0;1191;1191;-82,69;0;-82,69;213,432;213,432;-299,97;0;-299,97;;;
20180116;7;-538,5;0;-538,5;-662,5;0;-662,5;0;1234,95;1234,95;0;273,7;273,7;212,408;212,408;-16,71;2,12;-14,59;;;
20180116;8;-686;0;-686;-761,9;0;-761,9;0;1027,05;1027,05;0;297,6;297,6;210,367;210,367;-0,12;2,33;2,21;;;
20180116;9;-442,3;1,4;-440,9;-688,3;0;-688,3;0;929,55;929,55;0;298,8;298,8;209,243;209,243;-0,12;0,98;0,86;;;
20180116;10;-417,3;0;-417,3;-690,3;0;-690,3;0;1036,95;1036,95;0;397,2;397,2;209,306;209,306;-0,12;0,52;0,4;;;
20180116;11;-352,2;0;-352,2;-577,3;0;-577,3;0;918,9;918,9;0;400,7;400,7;208,707;208,707;-0,19;0,53;0,34;;;
20180116;12;-294;19,1;-274,9;-535,5;0;-535,5;0;927,3;927,3;0;595,2;595,2;210,241;210,241;-0,19;0,53;0,34;;;
20180116;13;-351,1;26,6;-324,5;-533,2;0;-533,2;0;1089;1089;0;597,5;597,5;213,406;213,406;-0,19;0,53;0,34;;;
20180116;14;-299,8;39,1;-260,7;-448,1;0;-448,1;0;926,25;926,25;0;597,5;597,5;212,049;212,049;-0,12;0,53;0,41;;;
20180116;15;-319,8;36,4;-283,4;-455;0;-455;0;938,85;938,85;0;597,4;597,4;209,823;209,823;-0,19;0,54;0,35;;;
20180116;16;-393,7;26,2;-367,5;-501,6;0;-501,6;0;960,9;960,9;0;597,4;597,4;211,317;211,317;-0,19;0,53;0,34;;;
20180116;17;-346,8;21,3;-325,5;-469,4;0;-469,4;0;1110;1110;0;597,4;597,4;211,084;211,084;-0,12;1,84;1,72;;;
20180116;18;-362;2,4;-359,6;-472,2;0;-472,2;0;1126,8;1126,8;0;597,5;597,5;210,618;210,618;0;135,62;135,62;;;
20180116;19;-407,3;0;-407,3;-523,2;0;-523,2;0;1164,9;1164,9;0;597,5;597,5;213,155;213,155;0;137,6;137,6;;;
20180116;20;-402,2;1,2;-401;-516,6;0;-516,6;0;1154,25;1154,25;0;597,6;597,6;212,589;212,589;0;285,88;285,88;;;
20180116;21;-245,5;45,8;-199,7;-447,2;0;-447,2;0;1033,65;1033,65;0;597,6;597,6;213,709;213,709;0;336;336;;;
20180116;22;-258,6;20,6;-238;-527,3;0;-527,3;0;1033,5;1033,5;0;591,2;591,2;210,012;210,012;0;289,22;289,22;;;
20180116;23;-246,8;14,4;-232,4;-567,4;0;-567,4;0;1147,5;1147,5;0;325,1;325,1;212,885;212,885;0;484,76;484,76;;;
20180116;24;-215,9;21,2;-194,7;-560;0;-560;0;953,4;953,4;0;195,9;195,9;207,923;207,923;0;263,1;263,1;;;
20180117;1;-484;11,2;-472,8;-563,4;0;-563,4;0;995,55;995,55;-0,55;0,9;0,35;211,495;211,495;-159,64;4,6;-155,04;;;
20180117;2;-518,5;54;-464,5;-478,2;0;-478,2;0;962,55;962,55;-59,81;0;-59,81;211,417;211,417;-299,54;0;-299,54;;;
20180117;3;-465,8;59,6;-406,2;-447,3;0;-447,3;0;866,7;866,7;0;0;0;210,2;210,2;-299,48;0;-299,48;;;
20180117;4;-423,7;58,2;-365,5;-409,4;0;-409,4;0;753,3;753,3;0;102,1;102,1;209,642;209,642;-299,6;0;-299,6;;;
20180117;5;-335,1;83,6;-251,5;-391,4;0;-391,4;0;803,7;803,7;0;0;0;213,04;213,04;-299,54;0;-299,54;;;
20180117;6;-296,8;92,2;-204,6;-521,2;0;-521,2;0;785,25;785,25;0;102,5;102,5;211,96;211,96;-299,6;0;-299,6;;;
20180117;7;-312,6;43,6;-269;-532,7;0;-532,7;0;717,75;717,75;0;559,2;559,2;210,936;210,936;-299,48;0,32;-299,16;;;
20180117;8;-205;16,1;-188,9;-529,8;0;-529,8;0;683,55;683,55;0;592,4;592,4;213,047;213,047;-299,35;0;-299,35;;;
20180117;9;-168,4;34,7;-133,7;-456,3;0;-456,3;0;748,8;748,8;0;327,2;327,2;212,925;212,925;-299,35;0;-299,35;;;
20180117;10;-154,1;69,5;-84,6;-465,7;0;-465,7;0;780,9;780,9;0;592,4;592,4;212,29;212,29;-299,35;0;-299,35;;;
20180117;11;-180,7;47,7;-133;-511,7;0;-511,7;0;995,1;995,1;0;597,6;597,6;210,093;210,093;-299,29;0;-299,29;;;
20180117;12;-140,9;56,6;-84,3;-500,2;0;-500,2;0;903,75;903,75;0;597,7;597,7;212,996;212,996;-299,29;0;-299,29;;;
20180117;13;-168,1;39,9;-128,2;-455,6;0;-455,6;0;909;909;0;597,7;597,7;213,768;213,768;-265,38;0;-265,38;;;
20180117;14;-210,2;31,5;-178,7;-403,5;0;-403,5;0;956,55;956,55;0;597,7;597,7;211,439;211,439;-245,27;0;-245,27;;;
20180117;15;-195;46;-149;-321,1;0;-321,1;0;916,95;916,95;0;597,6;597,6;212,548;212,548;-300,16;0;-300,16;;;
20180117;16;-275,8;29,6;-246,2;-327,5;0;-327,5;0;932,55;932,55;0;597,6;597,6;211,265;211,265;-300,22;0;-300,22;;;
20180117;17;-208,4;54,8;-153,6;-372,7;0;-372,7;0;1016,7;1016,7;0;597,7;597,7;212,792;212,792;-232,96;0;-232,96;;;
20180117;18;-239,6;9,1;-230,5;-414,4;0;-414,4;0;1072,95;1072,95;0;597,7;597,7;212,319;212,319;-132,1;0;-132,1;;;
20180117;19;-197,1;19,5;-177,6;-391,3;0;-391,3;0;1051,95;1051,95;0;597,7;597,7;212,315;212,315;-184,26;0,15;-184,11;;;
20180117;20;-283;0;-283;-451,4;0;-451,4;0;1182;1182;0;597,7;597,7;210,456;210,456;0;122,31;122,31;;;
20180117;21;-168;9,2;-158,8;-469,8;0;-469,8;0;1131,3;1131,3;0;597,6;597,6;211,48;211,48;0;170,74;170,74;;;
20180117;22;-138,1;43,4;-94,7;-522,5;0;-522,5;0;1104,3;1104,3;0;597,6;597,6;211,058;211,058;0;191,42;191,42;;;
20180117;23;-230,1;8,9;-221,2;-521;0;-521;0;1229,4;1229,4;0;597,6;597,6;211,727;211,727;0;289,21;289,21;;;
20180117;24;-312,6;0,8;-311,8;-493,2;0;-493,2;0;1291,5;1291,5;0;576,3;576,3;210,5;210,5;-240,76;0,05;-240,71;;;
20180118;1;-655,7;0;-655,7;-640,4;0;-640,4;0;1304,85;1304,85;0;27,8;27,8;212,027;212,027;-2,78;0;-2,78;;;
20180118;2;-680,8;6,4;-674,4;-548,7;0;-548,7;0;1236,6;1236,6;0;0;0;211,328;211,328;-130,12;0;-130,12;;;
20180118;3;-651;14,4;-636,6;-491,9;0;-491,9;0;1114,65;1114,65;-121,51;0;-121,51;210,167;210,167;-65,9;0;-65,9;;;
20180118;4;-605,9;16,8;-589,1;-459,5;0;-459,5;0;1032,75;1032,75;-0,08;0;-0,08;209,243;209,243;-243,11;0;-243,11;;;
20180118;5;-560,1;0;-560,1;-515,8;0;-515,8;0;1093,95;1093,95;0;19,2;19,2;209,161;209,161;-182,96;0;-182,96;;;
20180118;6;-534,6;0;-534,6;-670,7;0;-670,7;0;1222,05;1222,05;0;508,8;508,8;210,186;210,186;-483,86;0;-483,86;;;
20180118;7;-599,1;0;-599,1;-650,5;0;-650,5;0;1382,1;1382,1;0;596,7;596,7;212,171;212,171;-491,6;0;-491,6;;;
20180118;8;-512,3;0;-512,3;-542,8;0;-542,8;0;1283,1;1283,1;0;560,5;560,5;212,027;212,027;-490,85;0;-490,85;;;
20180118;9;-274,3;41,5;-232,8;-336,6;0;-336,6;0;1106,25;1106,25;0;595,7;595,7;211,007;211,007;-336,29;0;-336,29;;;
20180118;10;-244,2;70,6;-173,6;-325,1;0;-325,1;0;1009,65;1009,65;0;597,7;597,7;211,509;211,509;-240,38;0;-240,38;;;
20180118;11;-271,3;27,8;-243,5;-341,2;0;-341,2;0;1078,5;1078,5;0;597,7;597,7;210,944;210,944;-310,98;0;-310,98;;;
20180118;12;-227,8;29,6;-198,2;-335,6;0;-335,6;0;1057,05;1057,05;0;597,5;597,5;212,977;212,977;-179,69;0;-179,69;;;
20180118;13;-257,9;2,3;-255,6;-312;0;-312;0;1068,15;1068,15;0;597,6;597,6;212,016;212,016;-196,64;0;-196,64;;;
20180118;14;-257,5;1,9;-255,6;-269,2;0;-269,2;0;1034,55;1034,55;0;597,6;597,6;214,049;214,049;-256,1;0;-256,1;;;
20180118;15;-247,9;0;-247,9;-303,8;0;-303,8;0;901,8;901,8;0;597,5;597,5;213,347;213,347;-393,28;0;-393,28;;;
20180118;16;-242,5;0;-242,5;-245,3;0;-245,3;0;846,75;846,75;0;597,6;597,6;212,515;212,515;-427,19;0;-427,19;;;
20180118;17;-211,9;0;-211,9;-303,5;0;-303,5;0;912;912;0;597,5;597,5;211,72;211,72;-367,48;0;-367,48;;;
20180118;18;-166,8;9,2;-157,6;-390,4;0;-390,4;0;768,15;768,15;0;597,6;597,6;210,526;210,526;-389,69;0;-389,69;;;
20180118;19;-174,5;1,1;-173,4;-372,4;0;-372,4;0;592,05;592,05;0;597,6;597,6;210,796;210,796;-489,8;0;-489,8;;;
20180118;20;-290,3;0;-290,3;-463,8;0;-463,8;0;627,6;627,6;0;591,4;591,4;213,85;213,85;-307,33;0;-307,33;;;
20180118;21;-284,1;3,9;-280,2;-509;0;-509;0;838,35;838,35;0;487,9;487,9;214,334;214,334;-189,03;0;-189,03;;;
20180118;22;-345;0;-345;-671,2;0;-671,2;0;692,4;692,4;0;591,9;591,9;210,37;210,37;-0,43;177,7;177,27;;;
20180118;23;-459,8;0;-459,8;-667,3;0;-667,3;0;780,15;780,15;0;102;102;210,507;210,507;0;273,95;273,95;;;
20180118;24;-341,4;0;-341,4;-622,5;0;-622,5;0;667,65;667,65;0;0;0;212,256;212,256;-9,53;3,05;-6,48;;;
20180119;1;-491,2;0;-491,2;-577,9;0;-577,9;0;793,05;793,05;0;0;0;213,61;213,61;-482,749;0;-482,749;;;
20180119;2;-487,6;0;-487,6;-519,3;0;-519,3;0;691,35;691,35;0;0;0;214,116;214,116;-490,607;0;-490,607;;;
20180119;3;-455,8;0;-455,8;-488;0;-488;0;582,75;582,75;0;0;0;213,502;213,502;-490,607;0;-490,607;;;
20180119;4;-376,8;0;-376,8;-449,1;0;-449,1;0;549,75;549,75;0;0;0;210,925;210,925;-490,669;0;-490,669;;;
20180119;5;-404,2;0;-404,2;-472,3;0;-472,3;0;562,95;562,95;0;0;0;211,739;211,739;-490,731;0;-490,731;;;
20180119;6;-396;0;-396;-643,5;0;-643,5;0;756;756;0;9,6;9,6;210,208;210,208;-490,669;0;-490,669;;;
20180119;7;-382,3;0;-382,3;-720,1;0;-720,1;0;810,9;810,9;0;443,5;443,5;214,586;214,586;-491,226;0;-491,226;;;
20180119;8;-197,1;0;-197,1;-577,8;0;-577,8;0;556,2;556,2;0;489,3;489,3;213,317;213,317;-491,473;0;-491,473;;;
20180119;9;-163,6;0;-163,6;-453,5;0;-453,5;0;552,45;552,45;0;489,9;489,9;210,496;210,496;-491,659;0;-491,659;;;
20180119;10;-117,3;0;-117,3;-427,2;0;-427,2;0;751,8;751,8;0;542,3;542,3;211,809;211,809;-491,411;0;-491,411;;;
20180119;11;-78,5;19,6;-58,9;-337,2;0;-337,2;0;796,5;796,5;0;596,3;596,3;210,422;210,422;-491,04;0;-491,04;;;
20180119;12;-85,1;17;-68,1;-303,5;0;-303,5;0;875,85;875,85;0;597,6;597,6;211,236;211,236;-451,502;0;-451,502;;;
20180119;13;-110,3;4,4;-105,9;-293,3;0;-293,3;0;952,35;952,35;0;597,5;597,5;211,288;211,288;-295,453;0;-295,453;;;
20180119;14;-155,5;0;-155,5;-297,3;0;-297,3;0;1062;1062;0;597,5;597,5;210,249;210,249;-296,319;0;-296,319;;;
20180119;15;-101,6;11,7;-89,9;-298,2;0;-298,2;0;1028,4;1028,4;0;597,5;597,5;212,031;212,031;-419,822;0;-419,822;;;
20180119;16;-132,5;2,8;-129,7;-364;0;-364;0;1108,65;1108,65;0;597,5;597,5;210,522;210,522;-489,369;0;-489,369;;;
20180119;17;-132,7;5,6;-127,1;-372;0;-372;0;1140,6;1140,6;0;597,6;597,6;211,794;211,794;-397,671;0;-397,671;;;
20180119;18;-82;51;-31;-424,9;0;-424,9;0;1151,55;1151,55;0;597,5;597,5;213,332;213,332;-340,127;0;-340,127;;;
20180119;19;-54,6;66,9;12,3;-449,7;0;-449,7;0;1165,95;1165,95;0;597,6;597,6;213,07;213,07;-374,158;0,49;-373,668;;;
20180119;20;-132,7;2,7;-130;-583,2;0;-583,2;0;1272,45;1272,45;0;597,5;597,5;211,21;211,21;0;194,93;194,93;;;
20180119;21;-113,3;14,3;-99;-659,8;0;-659,8;0;1205,25;1205,25;0;597,6;597,6;212,582;212,582;0;291,77;291,77;;;
20180119;22;-71,8;18,2;-53,6;-566,3;0;-566,3;0;1134,9;1134,9;0;597,5;597,5;210,252;210,252;0;258,99;258,99;;;
20180119;23;-126,2;2,8;-123,4;-623,4;0;-623,4;0;1193,55;1193,55;0;590,1;590,1;210,437;210,437;0;150,38;150,38;;;
20180119;24;-186,6;0,2;-186,4;-567,9;0;-567,9;0;1248,3;1248,3;0;208,8;208,8;212,593;212,593;0;320,54;320,54;;;
20180120;1;-223,188;0;-223,188;-388,438;0;-388,438;0;1070,488;1070,488;0;554,288;554,288;208,025;208,025;-138,875;0;-138,875;;;
20180120;2;-215,463;0;-215,463;-337,825;0;-337,825;0;907,213;907,213;0;595,125;595,125;207,113;207,113;-91,738;0;-91,738;;;
20180120;3;-385,15;0;-385,15;-357,263;0;-357,263;0;958,725;958,725;0;594,85;594,85;208,188;208,188;-320,888;0;-320,888;;;
20180120;4;-439,575;0;-439,575;-370,338;0;-370,338;0;897,188;897,188;0;594,9;594,9;207,663;207,663;-317,838;0;-317,838;;;
20180120;5;-460,675;0;-460,675;-411,275;0;-411,275;0;986,963;986,963;0;595,05;595,05;207,95;207,95;-273,888;0;-273,888;;;
20180120;6;-462,113;0;-462,113;-497,125;0;-497,125;0;1095,525;1095,525;0;594,988;594,988;209,488;209,488;-140,013;0;-140,013;;;
20180120;7;-202,2;0;-202,2;-396,95;0;-396,95;0;1077,938;1077,938;0;595,363;595,363;209,213;209,213;-96,3;0;-96,3;;;
20180120;8;-234,75;0;-234,75;-537,913;0;-537,913;0;1147,663;1147,663;0;595,475;595,475;209,275;209,275;0;22,775;22,775;;;
20180120;9;-184,3;0;-184,3;-502,963;0;-502,963;0;1196,213;1196,213;0;595,575;595,575;209,1;209,1;-96,625;0;-96,625;;;
20180120;10;-81,063;0;-81,063;-477,55;0;-477,55;0;1226,288;1226,288;0;595,35;595,35;208,413;208,413;0;47,825;47,825;;;
20180120;11;-64,113;0;-64,113;-483;0;-483;0;1188,95;1188,95;0;595,2;595,2;206,75;206,75;0;150,8;150,8;;;
20180120;12;-10,25;0;-10,25;-445,913;0;-445,913;0;1136,375;1136,375;0;595,263;595,263;208,65;208,65;0;216,438;216,438;;;
20180120;13;-17,45;0;-17,45;-374,3;0;-374,3;0;1050,313;1050,313;0;595,675;595,675;208,3;208,3;0;247,975;247,975;;;
20180120;14;-38,65;0;-38,65;-356,05;0;-356,05;0;1108,288;1108,288;0;595,85;595,85;207,463;207,463;0;244,213;244,213;;;
20180120;15;-36,588;0;-36,588;-283,175;0;-283,175;0;1029,213;1029,213;0;596,013;596,013;207,263;207,263;0;73,5;73,5;;;
20180120;16;-131,275;0;-131,275;-330,775;0;-330,775;0;1025,775;1025,775;0;595,788;595,788;205,55;205,55;0;4,65;4,65;;;
20180120;17;-90,163;0;-90,163;-372,825;0;-372,825;0;1126,663;1126,663;0;595,975;595,975;206,625;206,625;0;58,075;58,075;;;
